client_prepare_ms,http_roundtrip_ms,server_compute_ms,decrypt_predict_ms,total_ms
273.89739333302714,44.82424999878276,14.54450453275058,2.935796666618747,321.6870133347887
