client_prepare_ms,http_roundtrip_ms,server_compute_ms,decrypt_predict_ms,total_ms
264.7050233334691,50.389210000867024,14.191785566921075,2.814400002049903,317.93502666890464
