client_prepare_ms,http_roundtrip_ms,server_compute_ms,decrypt_predict_ms,total_ms
273.5507700010203,48.76508999926349,14.292268666637634,2.9360333341173828,325.27937666745856
