client_prepare_ms,http_roundtrip_ms,server_compute_ms,decrypt_predict_ms,total_ms
431.47389000005205,2110.405530000086,26.31991333303934,5.024050000065472,2546.987456666708
