client_prepare_ms,http_roundtrip_ms,server_compute_ms,decrypt_predict_ms,total_ms
267.74023999848094,48.07719999807887,14.294607333431486,2.8362499996243664,318.6792333329019
