client_prepare_ms,http_roundtrip_ms,server_compute_ms,decrypt_predict_ms,total_ms
262.6167433333042,48.44266333335933,14.346745900153715,2.7852500000941895,313.8737433332911
