client_prepare_ms,http_roundtrip_ms,server_compute_ms,decrypt_predict_ms,total_ms
267.504843333154,47.8537300019525,14.290787132631522,2.865136664089126,318.2524533350564
