client_prepare_ms,http_roundtrip_ms,server_compute_ms,decrypt_predict_ms,total_ms
397.44360999708687,58.9134133294768,21.942410601089552,4.4651033347084494,460.86257333032944
