dataset,key_length,n_samples,n_features,baseline_accuracy,baseline_f1,encoded_match_rate,phe_match_rate,mean_phe_latency_ms,encrypted_request_size_bytes
breast_cancer,1024,569,30,0.9824561403508771,0.9861111111111112,1.0,1.0,289.2515159980394,18965
iris_binary_0_1,1024,100,4,1.0,1.0,1.0,1.0,43.2009649957763,2850
wine_binary_0_vs_1_2,1024,178,13,1.0,1.0,1.0,1.0,129.50644800206646,8429
synthetic_50f_200s,1024,200,50,0.725,0.7317073170731707,1.0,1.0,483.63884000340477,31399
synthetic_100f_200s,1024,200,100,0.65,0.65,1.0,1.0,975.1340479974169,62379
