dataset,key_length,n_samples,n_features,baseline_accuracy,baseline_f1,encoded_match_rate,phe_match_rate,mean_phe_latency_ms,encrypted_request_size_bytes
breast_cancer,1024,569,30,0.9824561403508771,0.9861111111111112,1.0,1.0,286.8964999972377,18981
iris_binary_0_1,1024,100,4,1.0,1.0,1.0,1.0,40.08058000035817,2849
wine_binary_0_vs_1_2,1024,178,13,1.0,1.0,1.0,1.0,126.40525600290857,8438
synthetic_50f_200s,1024,200,50,0.725,0.7317073170731707,1.0,1.0,464.65982400113717,31406
synthetic_100f_200s,1024,200,100,0.65,0.65,1.0,1.0,948.7935840000864,62360
