feature_count,encryption_mean_ms,server_mean_ms,decryption_mean_ms,total_mean_ms,request_size_mean_bytes
5,44.27308999778082,3.3725033291072273,2.7141900015218803,140.57624000027621,3478.366666666667
10,89.56340999769357,6.846363336080685,2.7348233348069093,202.29095999869364,6575.566666666667
20,181.56632999889553,12.698613334214315,2.7119333331938833,305.53670666607405,12768.0
30,268.9385366693993,16.251826665635843,2.673993334368182,381.6420833357067,18958.833333333332
