feature_count,encryption_mean_ms,server_mean_ms,decryption_mean_ms,total_mean_ms,request_size_mean_bytes
5,165.32501333373753,12.66968000078729,9.120326664803239,507.1971799969712,3479.233333333333
10,326.83511666594615,24.82736333380065,9.219650001614355,656.4389033335223,6576.233333333334
20,656.5778100009387,48.70869666629005,9.993143333607199,1073.7657833339956,12766.566666666668
30,987.3931766676833,57.56830333605952,9.918000000955848,1351.41419666373,18955.666666666668
