feature_count,encryption_mean_ms,server_mean_ms,decryption_mean_ms,total_mean_ms,request_size_mean_bytes
5,65.19714333311033,4.921543333451457,3.791789999983545,211.17253999994622,3479.4333333333334
10,130.04636000029373,9.635543333691507,3.889773333139601,306.5132033334521,6575.6
20,288.7411233331174,19.717376666206594,4.273703333092271,457.7372766663757,12766.533333333333
30,403.21849333255767,23.851833333295264,5.432749999696777,571.6427466665967,18957.566666666666
