feature_count,encryption_mean_ms,server_mean_ms,decryption_mean_ms,total_mean_ms,request_size_mean_bytes
5,44.0598700006376,3.2270033329647654,2.5460199981656237,177.36817333255507,3478.8
10,88.20591666638695,6.408336667421584,2.6264599980398393,203.69925666600466,6575.266666666666
20,175.58478333376115,11.885276665755859,2.6056466667796485,274.6061666674602,12768.266666666666
30,383.1477733309536,18.661406663886737,3.175270000065211,531.7422900004507,18958.566666666666
