feature_count,encryption_mean_ms,server_mean_ms,decryption_mean_ms,total_mean_ms,request_size_mean_bytes
5,69.52777333305373,5.0705699977697805,3.7923800002317876,210.3227366654513,3478.6666666666665
10,141.34887666926565,10.253399996630227,4.10380333099359,309.6985933322382,6575.066666666667
20,284.6319933324897,18.796786669796955,3.967256669420749,451.15693999784224,12765.9
30,409.18215333270683,23.39159999877059,3.894836666101279,571.4299266663147,18957.666666666668
