feature_count,encryption_mean_ms,server_mean_ms,decryption_mean_ms,total_mean_ms,request_size_mean_bytes
5,45.62142666739722,3.4088999983699373,2.681849998771213,141.13506000236762,3478.0666666666666
10,91.68154000168822,6.6878900009517865,2.5990766647737473,180.93418666588454,6575.233333333334
20,183.08791667125965,12.480419998367628,2.592729999256941,295.32838667025015,12767.566666666668
30,276.2403333346204,15.641786665461646,2.605459995296163,397.73497333129245,18956.533333333333
