feature_count,encryption_mean_ms,server_mean_ms,decryption_mean_ms,total_mean_ms,request_size_mean_bytes
5,45.72812332965744,3.361560001697702,2.654963335953653,156.29320000007283,3478.1666666666665
10,91.0886733327061,6.699856661725789,2.6811700023245066,196.53523000112423,6575.4
20,182.59696666597543,12.311900000592383,2.661966666346416,306.40808999693644,12765.733333333334
30,274.84288999791414,15.534663330375528,2.625789997788767,380.5323599992941,18957.7
