feature_count,encryption_mean_ms,server_mean_ms,decryption_mean_ms,total_mean_ms,request_size_mean_bytes
5,47.74083333322778,3.655599996758004,2.852260001236573,141.71980333242877,3478.6666666666665
10,91.68696333363187,6.862193333411899,2.7741633307111138,205.47793000102197,6574.733333333334
20,178.3528700005263,12.341903334405893,2.7031466636496284,310.1282333305183,12768.0
30,274.1169066663133,15.744793330668472,2.673803335831811,378.27817666790605,18958.633333333335
