feature_count,encryption_mean_ms,server_mean_ms,decryption_mean_ms,total_mean_ms,request_size_mean_bytes
5,43.96394000010938,3.2619700000395824,2.6071333332462623,126.12920666670107,3478.8
10,87.27169333336253,6.438156666596721,2.629463333384289,199.33837000001708,6576.433333333333
20,174.27635666669326,11.883603333414309,2.5777999999566723,283.14347666682806,12766.666666666666
30,261.88769333324063,15.159883333399193,2.5654433333329507,373.98344666665554,18958.9
