key_length,keygen_ms_mean,encryption_ms_mean,server_init_ms_mean,server_ms_mean,decryption_ms_mean,total_with_keygen_ms_mean,total_without_keygen_ms_mean,request_size_bytes_mean
512,14.63235666936574,41.11565666971728,1.3921166624641046,5.870446668510946,0.5110199980360145,63.62262333471639,48.88923999872835,9569.833333333334
1024,82.45382999787883,268.0564166667561,8.913600000475222,15.892613332835026,2.6826966660640514,378.2097266666824,295.5453266661304,18971.8
2048,563.9890366670443,1942.524693334902,64.83631999969172,51.70144333387725,17.826596668843802,2641.5471066652876,2076.8890533373146,37778.0
