key_length,keygen_ms_mean,encryption_ms_mean,server_ms_mean,decryption_ms_mean,total_with_keygen_ms_mean,total_without_keygen_ms_mean,request_size_bytes_mean
512,46.59702999924775,144.49540666682879,21.08342000040769,1.7109166661005777,219.142933334903,167.28974333333704,9570.666666666666
1024,326.263859999987,946.9671966692355,57.46431999965959,9.178133332170546,1372.4129199996241,1013.6096500010657,18971.2
2048,2529.9897966654194,6087.655413332686,170.98108000063803,56.29371666679314,9052.974426665363,6314.930210000118,37779.13333333333
