key_length,keygen_ms_mean,encryption_ms_mean,server_init_ms_mean,server_ms_mean,decryption_ms_mean,total_with_keygen_ms_mean,total_without_keygen_ms_mean,request_size_bytes_mean
512,13.632510003905432,39.57208666834049,1.344413331632192,5.448143333584691,0.5002833320759237,60.585540001435824,46.8649266656333,9569.933333333332
1024,78.38228666999687,263.92095666669775,8.832449998590164,15.37465000001248,2.624959996319376,369.3420533313959,290.75301666161977,18972.266666666666
2048,619.2908733345879,1938.4149400012877,64.38254333528069,51.19068666729921,17.899370000426035,2691.861196664589,2071.887540004294,37780.066666666666
