key_length,keygen_ms_mean,encryption_ms_mean,server_init_ms_mean,server_ms_mean,decryption_ms_mean,total_with_keygen_ms_mean,total_without_keygen_ms_mean,request_size_bytes_mean
512,15.924756666451382,40.305159994750284,1.376809998570631,5.643133332099144,0.5083933346516764,63.84584333281964,47.83349666007174,9570.9
1024,75.73053666565102,267.55967666492023,8.89174333618333,15.759263331225762,2.6934166671708226,370.850629999768,294.90409999950015,18970.433333333334
2048,507.0596799982013,1958.2428800019745,65.11671666618592,51.84509333436532,17.818956664026093,2600.763453328788,2093.023646666552,37779.2
