key_length,keygen_ms_mean,encryption_ms_mean,server_init_ms_mean,server_ms_mean,decryption_ms_mean,total_with_keygen_ms_mean,total_without_keygen_ms_mean,request_size_bytes_mean
512,17.54272666585166,59.69341999928778,1.9909533342191328,8.194523336715065,0.723636670348545,88.2567999981499,70.60253334057052,9570.866666666667
1024,126.9538466653709,393.90563666820526,13.244099999428727,23.454579997148056,3.9192966651171446,561.7698899984438,434.5236133298992,18971.5
2048,854.2927999971047,2835.5959600012284,93.70785999538687,76.23505666172908,25.7300533305776,3886.52561000005,3031.268929988922,37779.666666666664
