key_length,keygen_ms_mean,encryption_ms_mean,server_init_ms_mean,server_ms_mean,decryption_ms_mean,total_with_keygen_ms_mean,total_without_keygen_ms_mean,request_size_bytes_mean
512,15.159300000717243,40.429223331739195,1.3796999972934525,5.732610000995919,0.49681999953463674,63.28363333498904,48.0383533295632,9570.033333333333
1024,78.60337666449293,279.6506933305257,9.590486666032424,16.162210001493804,2.710976667003706,386.9349033309845,308.1143666650557,18973.366666666665
2048,699.5961466668329,2274.669386666695,75.69152333113986,61.44312333296208,20.887430000584573,3133.0985266695884,2432.6914633313813,37777.7
