key_length,keygen_ms_mean,encryption_ms_mean,server_init_ms_mean,server_ms_mean,decryption_ms_mean,total_with_keygen_ms_mean,total_without_keygen_ms_mean,request_size_bytes_mean
512,13.531206666721118,38.5352499999802,1.3074933333276324,5.236120000002605,0.47379666663497727,59.183110000079374,45.55265999994541,9570.933333333332
1024,78.51865999982692,261.84789666655587,8.74964333340055,14.897890000065672,2.5776666668510493,366.8286433332469,288.07309666687314,18975.533333333333
2048,662.805576666627,1976.4129299999088,67.15102666670039,51.29608666669204,18.251900000086607,2776.6339566666825,2113.111943333388,37779.46666666667
