key_length,keygen_ms_mean,encryption_ms_mean,server_init_ms_mean,server_ms_mean,decryption_ms_mean,total_with_keygen_ms_mean,total_without_keygen_ms_mean,request_size_bytes_mean
512,21.041523333163543,65.33619999984997,2.510680000220115,9.04026666697367,0.7413766665801328,98.79696000037559,77.62852333362389,9570.433333333332
1024,144.88850666675717,474.5958266667003,15.867149999636846,29.202390000136802,4.781850000290433,669.6736966664806,524.4472166667643,18972.533333333333
2048,1195.5640500001512,3743.555456666824,126.13786333361834,104.92264333346004,34.82976666709874,5206.228850000359,4009.4457300010013,37779.46666666667
