stage,mean_ms,std_ms,median_ms
preprocessing,0.6343833321200995,0.2735033176190402,0.5469999960041605
encoding,0.035760000658531986,0.010059046523520583,0.03234999894630164
key_generation,320.37485333324486,221.29364848262338,272.96429999842076
encryption,959.6868566669096,42.517974498838946,952.5564999930793
server_compute,59.18530666628309,7.457522783630451,56.30684999778168
decryption,9.192640000158766,0.774322178825574,8.952600001066457
sigmoid_threshold,0.02445666614221409,0.0027524159013649504,0.023799999326001853
total_without_keygen,1028.7594033322723,48.34922472804261,1020.4982999930508
total,1381.4565266686259,228.0382933007411,1350.9431000056793
