stage,mean_ms,std_ms,median_ms
preprocessing,0.21082666498841718,0.05374700188680353,0.19815000268863514
encoding,0.011273331862563888,0.0014726251342982825,0.011200005246791989
key_generation,67.11901666664441,35.18707960289663,50.65294999803882
encryption,263.5906533304175,4.697435838766659,262.8660999980639
server_compute,15.470763335664136,0.5040583915987311,15.40720000048168
decryption,2.5983966673569134,0.14864750294546894,2.561100001912564
sigmoid_threshold,0.008920000012343129,0.0009019978751296066,0.008700008038431406
total,357.7969266678944,35.07694735171971,347.9275000063353
