{
  "w": [
    1.807341792946981,
    -11.448189507396538,
    25.732698918315656,
    16.73429973692318,
    -34.67195409231241,
    17.053074847017978,
    3.369914107270949,
    11.764260443762758,
    31.378383797293303,
    2.4581392184250466
  ],
  "b": 153.73654390934846
}