{
  "w": [
    -0.511479010884971,
    -0.5526977534575273,
    -0.47629788561011666,
    -0.5410592418248745,
    -0.21247927490645085,
    0.648341587266056,
    -0.6021029069732785,
    -0.704156489195534,
    -0.1672327296082462,
    0.19973173298709324,
    -1.0829653362483975,
    0.24882301055624817,
    -0.5443332277221048,
    -0.9291040183411311,
    -0.16027571018544354,
    0.647226557630866,
    0.16056252377741345,
    -0.4437842359980596,
    0.36049155541961,
    0.43789426057957387,
    -0.9476161496027705,
    -1.255088041690125,
    -0.763220072443888,
    -0.9477559027621573,
    -0.7466248092149421,
    0.05551412476312863,
    -0.8231506462671373,
    -0.9536863642145657,
    -0.9391814052053151,
    -0.18725079733765845
  ],
  "b": 0.3022075735370298
}